<?xml version="1.1" encoding="UTF-8" standalone="yes"?>
<addon id="script.cihautonox.tools" name="CIHAutoNox Tools" version="1.0.0" provider-name="thaipham">
    <requires>
		<import addon="xbmc.python" version="2.14.0"/>
	</requires>
	<extension point="xbmc.python.script" library="addon.py">
		<provides>executable</provides>
	</extension>
	<extension point="xbmc.addon.metadata">
		<platform>all</platform>
		<summary lang="en">ScopeNox Tools</summary>
		<description lang="en">Based on ScopeNox by Funkd. Automatically detects aspect ratio of a playing video. Even if contains hard coded black bars. Only for use with CIHAutoNox. .</description>
		<license>GNU General Public License, v2</license>
		<language></language>
	</extension>
</addon>