<?xml version="1.0" encoding="UTF-8"?>
<window id="1131" type="dialog">
	<zorder>10</zorder>
	<visible>[!Skin.HasSetting(DebugInfo) + [[Skin.HasSetting(osd133) + Window.IsVisible(FullScreenVideo)]]]</visible>
    <controls>
        <control type="image">
			<left>0</left>
			<top>0</top>
			<animation effect="slide" start="0,0" end="0,-10" time="700" condition="Skin.HasSetting(osd133)">Conditional</animation>
			<width>240</width>
			<height>1080</height>
			<texture>black.png</texture>
		</control>
		<control type="image" zorder="0">
			<left>1680</left>
			<top>0</top>
			<animation effect="slide" start="0,0" end="0,10" time="700" condition="Skin.HasSetting(osd133)">Conditional</animation>
			<width>240</width>
			<height>1080</height>
			<texture>black.png</texture>
		</control>
    </controls>
</window>
