<?xml version="1.0" encoding="UTF-8"?>
<window id="1130" type="dialog">
<!--     <defaultcontrol always="false">100</defaultcontrol> -->
	<visible>Skin.HasSetting(DebugInfo)</visible>
    <controls>
   		<control type="image">
			<left>0</left>
			<top>125</top>
			<width>1920</width>
			<height>5</height>
			<texture background="true">special://skin/extras/orange.png</texture>
		</control>
		<control type="image" zorder="0">
			<left>0</left>
			<top>947</top>
			<width>1920</width>
			<height>5</height>
			<texture background="true">special://skin/extras/orange.png</texture>
		</control>
		
		<control type="image">
			<left>0</left>
			<top>135</top>
			<width>1920</width>
			<height>5</height>
			<texture background="true">special://skin/extras/red.png</texture>
		</control>
		<control type="image" zorder="0">
			<left>0</left>
			<top>940</top>
			<width>1920</width>
			<height>5</height>
			<texture background="true">special://skin/extras/red.png</texture>
		</control>
    </controls>
</window>
