<?xml version="1.0" encoding="UTF-8"?>
<window>
	<defaultcontrol always="true">8</defaultcontrol>
	<allowoverlay>no</allowoverlay>
	<include condition="Skin.HasSetting(Enable.TvTunes)">LoadTvTunes</include>
	<controls>
		<control type="group"> <!-- Movie Poster -->
			<animation effect="slide" start="0,0" end="0,-10" time="700" condition="Skin.HasSetting(scopeFormat235)">Conditional</animation>
			<animation effect="slide" start="-729,0" end="0,0" time="500" tween="quadratic">WindowOpen</animation>
			<animation effect="slide" end="-729,0" time="500" tween="quadratic">WindowClose</animation>
			<animation effect="slide" start="-729,0" end="0,0" time="500" tween="quadratic" condition="![Window.IsVisible(script-ExtendedInfo Script-DialogVideoInfo.xml) | Window.IsVisible(script-ExtendedInfo Script-DialogInfo.xml)]">Conditional</animation>
			<animation effect="slide" end="-729,0" time="500" tween="quadratic" condition="Window.IsVisible(script-ExtendedInfo Script-DialogVideoInfo.xml) | Window.IsVisible(script-ExtendedInfo Script-DialogInfo.xml)">Conditional</animation>
			<control type="image">
				<top>140</top>
				<width>553</width>
				<height>800</height>
				<animation effect="zoom" end="0,140,566,820" time="700" condition="Skin.HasSetting(scopeFormat235)">Conditional</animation>
				<aspectratio aligny="top">scale</aspectratio>
				<texture background="true" fallback="black.png">$VAR[PosterVar]</texture>
			</control>
		</control>
		<control type="group">
			<animation effect="slide" start="0,0" end="0,-10" time="700" condition="Skin.HasSetting(scopeFormat235)">Conditional</animation>	
			<animation effect="slide" start="1242,0" end="0,0" time="500" tween="quadratic">WindowOpen</animation>
			<animation effect="slide" end="1242,0" time="500" tween="quadratic">WindowClose</animation>
			<animation effect="slide" start="1242,0" end="0,0" time="500" tween="quadratic" condition="![Window.IsVisible(script-ExtendedInfo Script-DialogVideoInfo.xml) | Window.IsVisible(script-ExtendedInfo Script-DialogInfo.xml)]">Conditional</animation>
			<animation effect="slide" end="1242,0" time="500" tween="quadratic" condition="Window.IsVisible(script-ExtendedInfo Script-DialogVideoInfo.xml) | Window.IsVisible(script-ExtendedInfo Script-DialogInfo.xml)">Conditional</animation>
			<left>553</left>
			<animation effect="slide" start="0,0" end="10,10" time="700" condition="Skin.HasSetting(scopeFormat235)">Conditional</animation>
			<control type="image">
				<animation effect="slide" start="0" end="20" time="700" condition="Skin.HasSetting(scopeFormat235)">Conditional</animation>
				<animation effect="zoom" start="100" end="102.5" center="auto" time="700" condition="Skin.HasSetting(scopeFormat235)">Conditional</animation>
				<top>140</top>
				<width>1367</width>
				<height>800</height>
				<texture>black.png</texture>
				<visible>IsEmpty(ListItem.Art(fanart))</visible>
			</control>
			<control type="image">
				<animation effect="slide" start="0" end="20" time="700" condition="Skin.HasSetting(scopeFormat235)">Conditional</animation>
				<animation effect="zoom" start="100" end="102.5" center="auto" time="700" condition="Skin.HasSetting(scopeFormat235)">Conditional</animation>
				<top>140</top>
				<width>1367</width>
				<height>800</height>
				<aspectratio align="center">scale</aspectratio>
				<texture background="true">$INFO[ListItem.Art(fanart)]</texture>
			</control>
			<control type="image">
				<animation effect="slide" start="0" end="20" time="700" condition="Skin.HasSetting(scopeFormat235)">Conditional</animation>
				<animation effect="zoom" start="100" end="102.5" center="auto" time="700" condition="Skin.HasSetting(scopeFormat235)">Conditional</animation>
				<top>140</top>
				<width>1367</width>
				<height>800</height>
				<texture border="4">dialogs/info/info_rightpaneltop.png</texture>
			</control>
			<control type="group">
				<left>40</left>
				<top>150</top>
				<width>1218</width>
				<height>854</height>
				<control type="grouplist">
					<top>-20</top>
					<width>1300</width>
					<height>110</height>
					<itemgap>0</itemgap>
					<align>center</align>
					<control type="label">
						<width>1310</width>
						<height>60</height>
						<aligny>center</aligny>
						<align>left</align>
						<font>font30_title_bold</font>
						<textcolor>grey</textcolor>
						<scroll>true</scroll>
						<label>$INFO[ListItem.Label]</label>
					</control>
					<control type="label">
						<width>1276</width>
						<height>30</height>
						<aligny>center</aligny>
						<align>left</align>
						<font>font14</font>
						<textcolor>labelheader</textcolor>
						<scroll>true</scroll>
						<label>$INFO[ListItem.Tagline]</label>
						<visible>!IsEmpty(ListItem.Tagline)</visible>
					</control>
					<control type="label">
						<width>1276</width>
						<height>30</height>
						<aligny>center</aligny>
						<align>left</align>
						<font>font14</font>
						<textcolor>labelheader</textcolor>
						<scroll>true</scroll>
						<label>$INFO[Window(Home).Property(NextAired.Status)]</label>
						<visible>Container.Content(tvshows) + !IsEmpty(Window(Home).Property(NextAired.Status))</visible>
					</control>
					<control type="label">
						<width>1276</width>
						<height>30</height>
						<aligny>center</aligny>
						<align>left</align>
						<font>font14</font>
						<textcolor>labelheader</textcolor>
						<scroll>true</scroll>
						<label>$INFO[ListItem.TvShowTitle]</label>
						<visible>Container.Content(episodes) + !IsEmpty(ListItem.TvShowTitle)</visible>
					</control>
					<control type="label">
						<width>1276</width>
						<height>30</height>
						<aligny>center</aligny>
						<align>left</align>
						<font>font14</font>
						<textcolor>labelheader</textcolor>
						<scroll>true</scroll>
						<label>$INFO[ListItem.Artist]</label>
						<visible>Container.Content(musicvideos) + !IsEmpty(ListItem.Artist)</visible>
					</control>
				</control>
				<control type="image">
					<left>-37</left>
					<top>32</top>
					<width>1364</width>
					<height>60</height>
					<texture border="1">separator2.png</texture>
				</control>
				<control type="grouplist">
					<left>0</left>
					<top>90</top>
					<width>1364</width>
					<height>75</height>
					<itemgap>0</itemgap>
					<align>left</align>
					<orientation>horizontal</orientation>
					<control type="label">
						<width>140</width>
						<height>75</height>
						<align>left</align>
						<label>$INFO[ListItem.Year]</label>
						<font>font30_title_bold</font>
						<textcolor>grey</textcolor>
					</control>
					<control type="image">
						<width>2</width>
						<height>75</height>
						<texture border="1">separator3.png</texture>
					</control>
					<control type="group">
						<width>178</width>
						<control type="image" id="800011">
							<colordiffuse>grey</colordiffuse>
							<width>178</width>
							<include>MediaFlagVars</include>
							<bordersize>2</bordersize>
							<texture>$INFO[ListItem.Studio,flags/studios/,.png]</texture>
						</control>
						<control type="label">
							<left>0</left>
							<width>178</width>
							<height>80</height>
							<align>center</align>
							<label>$INFO[ListItem.Studio]</label>
							<font>font10</font>
							<textcolor>grey</textcolor>
							<wrapmultiline>true</wrapmultiline>
							<visible>IsEmpty(Control.GetLabel(800011))</visible>
						</control>
					</control>
					<control type="image">
						<width>2</width>
						<height>75</height>
						<texture border="1">separator3.png</texture>
					</control>
					<control type="image">
						<width>178</width>
						<colordiffuse>grey</colordiffuse>
						<include>MediaFlagVars</include>
						<texture fallback="flags/mpaa/NR.png">$VAR[RatingFlagVar]</texture>
					</control>
					<control type="image">
						<width>2</width>
						<height>75</height>
						<texture border="1">separator3.png</texture>
						<visible>![Container.Content(tvshows) + Skin.HasSetting(Disable.NextAired)]</visible>
					</control>
					<control type="group">
						<width>160</width>
						<visible>![Container.Content(tvshows) + Skin.HasSetting(Disable.NextAired)]</visible>
						<control type="label">
							<left>0</left>
							<top>-5</top>
							<width>160</width>
							<height>60</height>
							<align>center</align>
							<label>$VAR[DurationVar]</label>
							<font>font35_bold</font>
							<textcolor>grey</textcolor>
						</control>
						<control type="label">
							<top>40</top>
							<width>160</width>
							<height>30</height>
							<align>center</align>
							<label>[LOWERCASE]$LOCALIZE[12391][/LOWERCASE]</label>
							<font>font12</font>
							<textcolor>grey</textcolor>
						</control>
					</control>
					<control type="image">
						<width>2</width>
						<height>75</height>
						<texture border="1">separator3.png</texture>
					</control>
					<control type="group">
						<visible>!IsEmpty(ListItem.Rating)</visible>
						<width>200</width>
						<control type="label">
							<left>0</left>
							<top>-5</top>
							<width>200</width>
							<height>60</height>
							<align>center</align>
							<label>$INFO[ListItem.Rating]</label>
							<font>font35_bold</font>
							<textcolor>grey</textcolor>
						</control>
						<control type="label">
							<top>40</top>
							<width>200</width>
							<height>30</height>
							<align>center</align>
							<label>[LOWERCASE]$VAR[RatingAndVotesVar][/LOWERCASE]</label>
							<font>font12</font>
							<textcolor>grey</textcolor>
						</control>
					</control>
					<control type="image">
						<width>2</width>
						<height>75</height>
						<texture border="1">separator3.png</texture>
						<visible>!IsEmpty(ListItem.Rating)</visible>
					</control>
					<control type="group">
 						<visible>!IsEmpty(ListItem.Top250)</visible>
						<width>200</width>
						<control type="label">
							<left>0</left>
							<top>-5</top>
							<width>200</width>
							<height>60</height>
							<align>center</align>
							<label>$INFO[ListItem.Top250,#]</label>
							<font>font35_bold</font>
							<wrapmultiline>true</wrapmultiline>
							<textcolor>grey</textcolor>
						</control>
						<control type="label">
							<top>40</top>
							<width>200</width>
							<height>30</height>
							<align>center</align>
							<label>[LOWERCASE]$LOCALIZE[13409][/LOWERCASE]</label>
							<font>font12</font>
							<textcolor>grey</textcolor>
						</control>
					</control>
					<control type="image">
						<width>2</width>
						<height>90</height>
						<texture border="1">separator3.png</texture>
						<visible>!IsEmpty(ListItem.Top250)</visible>
					</control>
				</control>
				<control type="image">
					<left>-37</left>
					<top>107</top>
					<width>1380</width>
					<height>60</height>
					<texture border="1">separator2.png</texture>
				</control>
				<control type="panel" id="300">
					<left>-36</left>
					<top>164</top>
					<width>1380</width>
					<height>306</height>
					<onup>4002</onup>
					<ondown>9000</ondown>
					<orientation>horizontal</orientation>
					<scrolltime tween="quadratic" easing="out">200</scrolltime>
					<itemlayout height="82" width="530">
						<control type="image">
							<top>42</top>
							<width>1380</width>
							<height>40</height>
							<texture border="1">separator2.png</texture>
						</control>
						<control type="label">
							<top>40</top>
							<width>530</width>
							<height>40</height>
							<font>font12</font>
							<textcolor>grey</textcolor>
							<selectedcolor>selected</selectedcolor>
							<label>$INFO[ListItem.Label]</label>
							<textoffsetx>36</textoffsetx>
						</control>
						<control type="label">
							<top>5</top>
							<width>530</width>
							<height>40</height>
							<font>font12</font>
							<textcolor>labelheader</textcolor>
							<selectedcolor>selected</selectedcolor>
							<label>$INFO[ListItem.Label2]</label>
							<textoffsetx>36</textoffsetx>
						</control>
					</itemlayout>
					<focusedlayout height="82" width="530">
						<control type="image">
							<top>0</top>
							<width>1380</width>
							<height>82</height>
							<texture border="1">separator2.png</texture>
						</control>
						<control type="image">
							<top>1</top>
							<width>530</width>
							<height>80</height>
							<texture border="4">listselect_fo.png</texture>
							<visible>Control.HasFocus(300)</visible>
							<include>VisibleFadeEffect</include>
						</control>
						<control type="label">
							<top>40</top>
							<width>530</width>
							<height>40</height>
							<font>font12</font>
							<textcolor>white</textcolor>
							<selectedcolor>selected</selectedcolor>
							<label>$INFO[ListItem.Label]</label>
							<animation effect="fade" start="100" end="70" time="300" tween="sine" easing="inout" condition="!Control.HasFocus(300)">Conditional</animation>
							<textoffsetx>36</textoffsetx>
						</control>
						<control type="label">
							<top>5</top>
							<width>530</width>
							<height>40</height>
							<font>font12</font>
							<textcolor>white</textcolor>
							<selectedcolor>selected</selectedcolor>
							<label>$INFO[ListItem.Label2]</label>
							<animation effect="fade" start="100" end="70" time="300" tween="sine" easing="inout" condition="!Control.HasFocus(300)">Conditional</animation>
							<textoffsetx>36</textoffsetx>
						</control>
					</focusedlayout>
					<content>
						<item>
							<label>$INFO[ListItem.OriginalTitle]</label>
							<label2>$LOCALIZE[20376]:</label2>
							<onclick>noop</onclick>
							<visible>!IsEmpty(ListItem.OriginalTitle) + !StringCompare(ListItem.OriginalTitle,ListItem.Title)</visible>
						</item>
						<item>
							<label>$INFO[ListItem.Director]</label>
							<label2>$LOCALIZE[20339]:</label2>
							<onclick>SendClick(2003,13)</onclick>
							<visible>!IsEmpty(ListItem.Director)</visible>
						</item>
						<item>
							<label>$INFO[ListItem.Writer]</label>
							<label2>$LOCALIZE[20417]:</label2>
							<onclick>noop</onclick>
							<visible>!IsEmpty(ListItem.Writer)</visible>
						</item>
						<item>
							<label>$INFO[Window(Home).Property(NextAired.NextNumber),, - ]$INFO[Window(Home).Property(NextAired.NextTitle)]</label>
							<label2>$LOCALIZE[31010]:</label2>
							<onclick>noop</onclick>
							<visible>Container.Content(tvshows) + !IsEmpty(Window(Home).Property(NextAired.NextDate))</visible>
						</item>
						<item>
							<label>$INFO[Window(Home).Property(NextAired.LatestNumber),, - ]$INFO[Window(Home).Property(NextAired.LatestTitle)]</label>
							<label2>$LOCALIZE[31011]:</label2>
							<onclick>noop</onclick>
							<visible>Container.Content(tvshows) + !IsEmpty(Window(Home).Property(NextAired.LatestDate)) + IsEmpty(Window(Home).Property(NextAired.NextDate))</visible>
						</item>
						<item>
							<label>$INFO[Window(Home).Property(NextAired.NextDate),, | ]$INFO[Window(Home).Property(NextAired.AirTime)]</label>
							<label2>$LOCALIZE[31012]:</label2>
							<onclick>noop</onclick>
							<visible>Container.Content(tvshows) + !IsEmpty(Window(Home).Property(NextAired.NextDate))</visible>
						</item>
						<item>
							<label>$INFO[ListItem.Genre]</label>
							<label2>$LOCALIZE[515]:</label2>
							<onclick>noop</onclick>
							<visible>!IsEmpty(ListItem.Genre)</visible>
						</item>
						<item>
							<label>$INFO[ListItem.Premiered]</label>
							<label2>$LOCALIZE[20416]:</label2>
							<onclick>noop</onclick>
							<visible>!IsEmpty(ListItem.Premiered)</visible>
						</item>
						<item>
							<label>$INFO[ListItem.Country]</label>
							<label2>$LOCALIZE[574]:</label2>
							<onclick>noop</onclick>
							<visible>!IsEmpty(ListItem.Country)</visible>
						</item>
						<item>
							<label>$INFO[Window(Home).Property(NextAired.Country)]</label>
							<label2>$LOCALIZE[574]:</label2>
							<onclick>noop</onclick>
							<visible>Container.Content(tvshows) + !IsEmpty(Window(Home).Property(NextAired.Country))</visible>
						</item>
						<item>
							<label>$INFO[ListItem.DateAdded]</label>
							<label2>$LOCALIZE[570]:</label2>
							<onclick>noop</onclick>
							<visible>!IsEmpty(ListItem.DateAdded)</visible>
						</item>
						<item>
							<label>$INFO[ListItem.Path]</label>
							<label2>$LOCALIZE[573]:</label2>
							<onclick>Dialog.Close(movieinformation)</onclick>
							<onclick>ActivateWindow(Videos,$INFO[ListItem.Path],return)</onclick>
						</item>
						<item>
							<label>$INFO[ListItem.Filename]</label>
							<label2>$LOCALIZE[21800]:</label2>
							<onclick>noop</onclick>
							<visible>!IsEmpty(ListItem.Filename)</visible>
						</item>
						<item>
							<label>$INFO[ListItem.PlayCount]</label>
							<label2>$LOCALIZE[567]:</label2>
							<onclick>noop</onclick>
							<visible>!IsEmpty(ListItem.PlayCount)</visible>
						</item>
						<item>
							<label>$INFO[ListItem.PercentPlayed,,%]</label>
							<label2 fallback="-">$LOCALIZE[575]:</label2>
							<onclick>noop</onclick>
							<visible>ListItem.IsResumable</visible>
						</item>
						<item>
							<label>$INFO[ListItem.LastPlayed]</label>
							<label2 fallback="-">$LOCALIZE[568]:</label2>
							<onclick>noop</onclick>
							<visible>!IsEmpty(ListItem.LastPlayed)</visible>
						</item>
						<item>
							<label>[UPPERCASE]$INFO[Window.Property(AudioLanguage)][/UPPERCASE]</label>
							<label2>$LOCALIZE[21447]:</label2>
							<onclick>noop</onclick>
							<visible>!IsEmpty(Window.Property(AudioLanguage.1))</visible>
						</item>
						<item>
							<label>[UPPERCASE]$INFO[Window.Property(SubtitleLanguage)][/UPPERCASE]</label>
							<label2>$LOCALIZE[21448]:</label2>
							<onclick>noop</onclick>
							<visible>!IsEmpty(Window.Property(SubtitleLanguage.1))</visible>
						</item>
					</content>
				</control>
				<control type="textbox" id="4">
					<description>Plot</description>
					<include>HiddenObject</include>
				</control>
				<control type="textbox" id="400">
					<description>Plot</description>
					<left>0</left>
					<top>470</top>
					<width>1308</width>
					<height>245</height>
					<font>font14_textbox_plot</font>
					<align>left</align>
					<label>$VAR[VideoInfoPlotVar]</label>
					<textcolor>white</textcolor>
					<pagecontrol>60</pagecontrol>
					<autoscroll time="3000" delay="4000" repeat="5000">Skin.HasSetting(Enable.AutoScroll)</autoscroll>
					<animation effect="fade" start="100" end="78" time="300" tween="sine" easing="inout" condition="!Control.HasFocus(60)">Conditional</animation>
					<visible>!Control.IsVisible(50)</visible>
				</control>
				<control type="button" id="4003">
					<left>0</left>
					<top>560</top>
					<width>1308</width>
					<height>400</height>
					<onleft>9000</onleft>
					<onright>9000</onright>
					<texturefocus>-</texturefocus>
					<texturenofocus>-</texturenofocus>
					<onup condition="Control.IsVisible(60)">PageUp(60)</onup>
					<onup condition="!Control.IsVisible(60)">9000</onup>
					<ondown condition="Control.IsVisible(60)">PageDown(60)</ondown>
					<ondown condition="!Control.IsVisible(60)">9000</ondown>
					<onclick>Skin.ToggleSetting(VideoInfoPlotToggle)</onclick>
				</control>
				<control type="scrollbar" id="60">
					<left>1310</left>
					<animation effect="slide" start="0,0" end="-10,0" time="700" condition="Skin.HasSetting(scopeFormat235)">Conditional</animation>
					<top>470</top>
					<width>14</width>
					<height>245</height>
					<onup>9000</onup>
					<ondown>noop</ondown>
					<onleft>9000</onleft>
					<onright>9000</onright>
					<texturesliderbackground>-</texturesliderbackground>
					<texturesliderbar colordiffuse="55ffffff" border="1">scrollbar/texturesliderbar2.png</texturesliderbar>
					<texturesliderbarfocus border="1">scrollbar/texturesliderbar2.png</texturesliderbarfocus>
					<showonepage>false</showonepage>
					<orientation>vertical</orientation>
					<visible>!Control.IsVisible(50)</visible>
				</control>
				<control type="group">
					<left>-37</left>
					<top>720</top>
					<control type="image">
						<top>-60</top>
						<width>1380</width>
						<height>60</height>
						<texture border="1">separator2.png</texture>
					</control>
					<control type="grouplist">
						<left>0</left>
						<top>0</top>
						<animation effect="slide" start="0,0" end="0,10" time="700" condition="Skin.HasSetting(scopeFormat235)">Conditional</animation>
						<width>1188</width>
						<height>75</height>
						<align>left</align>
						<aligny>center</aligny>
						<itemgap>0</itemgap>
						<orientation>horizontal</orientation>
						<control type="image">
							<width>178</width>
							<colordiffuse>grey</colordiffuse>
							<include>MediaFlagVars</include>
							<texture>$INFO[ListItem.VideoResolution,flags/resolution/,.png]</texture>
							<visible>!IsEmpty(ListItem.VideoResolution)</visible>
						</control>
						<control type="group">
							<visible>Container.Content(tvshows) + !IsEmpty(ListItem.Property(TotalSeasons))</visible>
							<width>200</width>
							<control type="label">
								<left>0</left>
								<top>2</top>
								<width>200</width>
								<height>60</height>
								<align>center</align>
								<label>$INFO[ListItem.Property(TotalSeasons)]</label>
								<font>font48_bold</font>
								<wrapmultiline>true</wrapmultiline>
								<textcolor>grey</textcolor>
							</control>
							<control type="label">
								<top>52</top>
								<width>200</width>
								<height>30</height>
								<align>center</align>
								<label>[LOWERCASE]$VAR[OneOrMoreSeasonsVar][/LOWERCASE]</label>
								<font>font12</font>
								<textcolor>grey</textcolor>
							</control>
						</control>
						<control type="image">
							<width>2</width>
							<height>90</height>
							<texture border="1">separator3.png</texture>
						</control>
                        
                        <!-- atmos here (MOD)-->
						<control type="image">
							<width>178</width>
							<colordiffuse>grey</colordiffuse>
							<include>MediaFlagVars</include>
							<texture>flags/audio/$VAR[AudioCodecCustom].png</texture>
							<visible>!IsEmpty(ListItem.AudioCodec)</visible>
						</control>
                        
						<control type="group">
							<visible>Container.Content(tvshows) + !IsEmpty(ListItem.Property(TotalEpisodes))</visible>
							<width>200</width>
							<control type="label">
								<left>0</left>
								<top>2</top>
								<width>200</width>
								<height>60</height>
								<align>center</align>
								<label>$INFO[ListItem.Property(TotalEpisodes)]</label>
								<font>font48_bold</font>
								<wrapmultiline>true</wrapmultiline>
								<textcolor>grey</textcolor>
							</control>
							<control type="label">
								<top>52</top>
								<width>200</width>
								<height>30</height>
								<align>center</align>
								<label>[LOWERCASE]$VAR[OneOrMoreEpisodesVar][/LOWERCASE]</label>
								<font>font12</font>
								<textcolor>grey</textcolor>
							</control>
						</control>
						<control type="image">
							<width>2</width>
							<height>90</height>
							<texture border="1">separator3.png</texture>
						</control>
						<control type="label" id="9904">
							<label>$VAR[AspectRatio]</label>
							<visible>false</visible>
						</control>
						<control type="label" id="9905">
							<label>$VAR[AudioChannelCustom]</label>
							<visible>false</visible>
						</control>
						<control type="label" id="9906">
							<label>$VAR[SourceFlagVar]</label>
							<visible>false</visible>
						</control>
						<control type="image">
							<width>178</width>
							<colordiffuse>grey</colordiffuse>
							<include>MediaFlagVars</include>
							<texture>flags/channels/$VAR[AudioChannelCustom].png</texture>
							<visible>!IsEmpty(Control.GetLabel(9905))</visible>
						</control>
						<control type="group">
							<visible>Container.Content(tvshows) + !IsEmpty(ListItem.Property(UnWatchedEpisodes))</visible>
							<width>200</width>
							<control type="label">
								<left>0</left>
								<top>2</top>
								<width>200</width>
								<height>60</height>
								<align>center</align>
								<label>$INFO[ListItem.Property(UnWatchedEpisodes)]</label>
								<font>font48_bold</font>
								<wrapmultiline>true</wrapmultiline>
								<textcolor>grey</textcolor>
							</control>
							<control type="label">
								<top>52</top>
								<width>200</width>
								<height>30</height>
								<align>center</align>
								<label>[LOWERCASE]$LOCALIZE[16101][/LOWERCASE]</label>
								<font>font12</font>
								<textcolor>grey</textcolor>
							</control>
						</control>
						<control type="image">
							<width>2</width>
							<height>90</height>
							<texture border="1">separator3.png</texture>
						</control>
						<control type="image">
							<width>178</width>
							<colordiffuse>grey</colordiffuse>
							<include>MediaFlagVars</include>
							<texture>$VAR[SourceFlagVar,flags/video/,.png]</texture>
							<visible>!IsEmpty(Control.GetLabel(9906))</visible>
						</control>
						<control type="image">
							<width>2</width>
							<height>90</height>
							<texture border="1">separator3.png</texture>
						</control>
						<control type="image">
							<width>178</width>
							<colordiffuse>grey</colordiffuse>
							<include>MediaFlagVars</include>
							<texture>flags/aspectratio/$VAR[AspectRatio].png</texture>
							<visible>!IsEmpty(Control.GetLabel(9904))</visible>
						</control>
						<control type="image">
							<width>2</width>
							<height>90</height>
							<texture border="1">separator3.png</texture>
						</control>
						<control type="image">
							<width>178</width>
							<colordiffuse>grey</colordiffuse>
							<include>MediaFlagVars</include>
							<texture>flags/cc.png</texture>
							<visible>!IsEmpty(ListItem.SubtitleLanguage)</visible>
						</control>
					</control>
				</control>
				<control type="panel" id="50">
					<left>-36</left>
					<top>467</top>
					<width>1367</width>
					<height>250</height>
					<onleft>50</onleft>
					<onright>50</onright>
					<onup>9000</onup>
					<ondown condition="System.HasAddon(script.extendedinfo)">RunScript(script.extendedinfo,info=extendedactorinfo,name=$INFO[Container(50).ListItem.Label])</ondown>
					<viewtype label="">list</viewtype>
					<pagecontrol>61</pagecontrol>
					<scrolltime tween="quadratic" easing="out">300</scrolltime>
					<orientation>horizontal</orientation>
					<itemlayout height="250" width="176">
						<control type="image">
							<width>178</width>
							<height>250</height>
							<aspectratio aligny="top">scale</aspectratio>
							<texture background="true">$INFO[ListItem.Icon]</texture>
							<bordertexture border="2">thumbs/panel_border3.png</bordertexture>
							<bordersize>2</bordersize>
						</control>
                        <control type="image">
                            <top>165</top>
                            <width>178</width>
                            <height>85</height>
                            <texture>black.png</texture>
                            <colordiffuse>88ffffff</colordiffuse>
							<bordersize>2</bordersize>
                        </control>
						<control type="textbox">
							<left>10</left>
							<top>170</top>
							<width>150</width>
							<height>87</height>
							<align>center</align>
							<font>font10</font>
							<textcolor>grey</textcolor>
							<shadowcolor>shadow</shadowcolor>
							<selectedcolor>selected</selectedcolor>
							<label>$INFO[ListItem.Label]</label>
						</control>
					</itemlayout>
					<focusedlayout height="250" width="178">
						<control type="group">
							<animation type="Focus" reversible="false">
								<effect type="zoom" start="95" end="100" time="300" tween="sine" easing="inout" center="auto" />
								<effect type="fade" start="80" end="100" time="300" />
							</animation>
							<control type="image">
								<width>178</width>
								<height>250</height>
								<aspectratio aligny="top">scale</aspectratio>
								<texture background="true">$INFO[ListItem.Icon]</texture>
								<bordertexture border="8">thumbs/thumbnail_focused.png</bordertexture>
								<bordersize>8</bordersize>
							</control>
                            <control type="image">
                                <top>160</top>
                                <width>178</width>
                                <height>90</height>
                                <texture>black.png</texture>
                                <colordiffuse>88ffffff</colordiffuse>
								<bordersize>8</bordersize>
                            </control>
							<control type="textbox">
								<left>10</left>
								<top>170</top>
								<width>150</width>
								<height>87</height>
								<align>center</align>
								<font>font10</font>
								<selectedcolor>selected</selectedcolor>
								<shadowcolor>shadow</shadowcolor>
								<label>$INFO[ListItem.Label]</label>
								<autoscroll time="2000" delay="400" repeat="3000">true</autoscroll>
								<animation effect="fade" start="100" end="40" time="300" tween="sine" easing="inout" condition="!Control.HasFocus(50)">Conditional</animation>
							</control>
						</control>
					</focusedlayout>
				</control>
			</control>
			<control type="group">
				<left>3</left>
				<top>0</top>
				<control type="image">
					<top>450</top>
					<width>1380</width>
					<height>60</height>
					<texture border="1">separator2.png</texture>
					<visible>!IntegerGreaterThan(Container(300).NumItems,2)</visible>
				</control>
				<control type="image">
					<left>594</left>
					<top>450</top>
					<width>1380</width>
					<height>60</height>
					<texture border="1">separator2.png</texture>
					<visible>!IntegerGreaterThan(Container(300).NumItems,5)</visible>
				</control>
				<control type="grouplist" id="9000">
					<left>1</left>
					<top>558</top>
					<width>1380</width>
					<height>60</height>
					<itemgap>0</itemgap>
					<onleft>9000</onleft>
					<onright>9000</onright>
					<onup>300</onup>
					<align>left</align>
					<ondown condition="!Control.IsVisible(50)">4003</ondown>
					<ondown condition="Control.IsVisible(50)">50</ondown>
					<orientation>horizontal</orientation>
					<control type="togglebutton" id="8">
						<description>Play/browse to Show</description>
						<width>240</width>
						<include>ButtonInfoDialogsCommonValues</include>
						<label>208</label>
						<altlabel>1024</altlabel>
						<usealttexture>Container.Content(TVShows)</usealttexture>
					</control>
					<control type="image" id="200">
						<width>2</width>
						<height>58</height>
						<texture border="1">separator3.png</texture>
					</control>
					<control type="button" id="5">
						<description>Cast/Plot</description>
						<width>240</width>
						<include>ButtonInfoDialogsCommonValues</include>
						<label>206</label>
					</control>
					<control type="image" id="201">
						<width>2</width>
						<height>58</height>
						<texture border="1">separator3.png</texture>
					</control>
					<control type="button" id="10">
						<description>Get Thumb</description>
						<width>240</width>
						<include>ButtonInfoDialogsCommonValues</include>
						<label>13511</label>
						<enable>!Skin.HasSetting(KioskMode.Enabled)</enable>
					</control>
					<control type="image" id="202">
						<width>2</width>
						<height>58</height>
						<texture border="1">separator3.png</texture>
					</control>
					<control type="button" id="11">
						<description>Play Trailer</description>
						<width>240</width>
						<include>ButtonInfoDialogsCommonValues</include>
						<label>20410</label>
						<visible>!IsEmpty(ListItem.Trailer) + Container.Content(movies)</visible>
					</control>
					<control type="button" id="203">
						<description>Play Trailer</description>
						<width>240</width>
						<include>ButtonInfoDialogsCommonValues</include>
						<label>-</label>
						<onclick>noop</onclick>
						<enable>no</enable>
						<visible>IsEmpty(ListItem.Trailer) + !Container.Content(movies)</visible>
					</control>
					<control type="button" id="204">
						<description>Play Trailer</description>
						<width>240</width>
						<include>ButtonInfoDialogsCommonValues</include>
						<label>20410</label>
						<onclick>ActivateWindow(videos,plugin://plugin.video.youtube/?path=/root/search&amp;feed=search&amp;search=$ESCINFO[ListItem.Label] Trailer,return)</onclick>
						<onclick>Dialog.Close(movieinformation)</onclick>
						<visible>IsEmpty(ListItem.Trailer) + Container.Content(movies)</visible>
					</control>
					<control type="image" id="205">
						<width>2</width>
						<height>58</height>
						<texture border="1">separator3.png</texture>
					</control>
					
					<control type="button" id="299">
						<description>CinemaVision</description>
						<width>240</width>
						<include>ButtonInfoDialogsCommonValues</include>
						<label>CinemaVision</label>
						<onclick>Dialog.Close(MovieInformation)</onclick>
						<onclick>RunScript(script.cinemavision,experience)</onclick>
						<visible>System.HasAddon(script.cinemavision) + [Container.Content(movies) | Container.Content(tvshows) | Container.Content(seasons) | Container.Content(episodes)]</visible>
					</control> 
					
					<control type="button" id="6">
						<description>Refresh</description>
						<font>IconMedium</font>
						<width>80</width>
						<include>ButtonInfoDialogsCommonValues</include>
						<label></label>
						<enable>!Skin.HasSetting(KioskMode.Enabled)</enable>
					</control>
					<control type="image" id="206">
						<width>2</width>
						<height>58</height>
						<texture border="1">separator3.png</texture>
					</control>
					<control type="button" id="207">
						<description>Extras</description>
						<font>IconMedium</font>
						<width>80</width>
						<include>ButtonInfoDialogsCommonValues</include>
						<label>+</label>
						<onclick>ActivateWindow(1119)</onclick>
						<enable>!Skin.HasSetting(KioskMode.Enabled)</enable>
					</control>
				</control>
			</control>
		</control>
	</controls>
</window>
