<?xml version="1.0" encoding="UTF-8"?>
<includes>
<!-- 	Video : BigList -->
	<include name="Video_510_BigList">
		<control type="group">
			<visible>Control.IsVisible(510) + !Window.IsActive(addoninformation)</visible>
			<include>ViewAnimation</include>
            <control type="group">
				<left>100</left>
				<top>60</top>
                <control type="image">
                    <description>background image</description>
                    <left>-32</left>
                    <top>880</top>
                    <width>1888</width>
                    <height>750</height>
                    <texture border="40">panel_reflect.png</texture>
                </control>
				<control type="image">
					<description>background image</description>
					<left>-82</left>
					<top>128</top>
					<width>1888</width>
					<height>750</height>
					<texture border="40">listpanel_back.png</texture>
				</control>
                <control type="list" id="510">
                    <viewtype label="BigList">biglist</viewtype>
                    <left>-50</left>
                    <top>161</top>
                    <width>1888</width>
                    <height>680</height>
                    <onleft>SetProperty(MediaMenu,True,home)</onleft>
                    <onleft>SetFocus(9050)</onleft>
                    <onright>60</onright>
                    <onup>510</onup>
                    <ondown>510</ondown>
                    <preloaditems>2</preloaditems>
                    <pagecontrol>60</pagecontrol>
                    <orientation>vertical</orientation>
                    <scrolltime tween="quadratic" easing="out">300</scrolltime>
                    <visible>[Container.Content(movies) | Container.Content(tvshows) | Container.Content(episodes)]</visible>
                    <itemlayout width="1808" height="217">
                        <control type="image">
                            <left>0</left>
                            <top>0</top>
                            <width>1810</width>
                            <height>217</height>
                            <texture border="5">separator2.png</texture>
                        </control>
                        <include>BigList_Landscape</include>
                        <control type="group">
                            <left>375</left>
                            <top>10</top>           
                            <control type="label">
                                <width>1330</width>
                                <height>50</height>
                                <label>$INFO[ListItem.Label]</label>
                                <font>font16_title_bold</font>
                                <textcolor>grey</textcolor>
                            </control>
                            <control type="label">
                                <top>45</top>
                                <width>980</width>
                                <height>50</height>
                                <label>$VAR[BigListInfoVar]</label>
                                <aligny>center</aligny>
                                <font>font14</font>
                                <textcolor>grey2</textcolor>
                            </control>
                            <control type="label">
                                <top>45</top>
                                <width>1330</width>
                                <height>50</height>
                                <label>$VAR[BigListInfoVar2]</label>
                                <align>right</align>
                                <aligny>center</aligny>
                                <font>font14</font>
                                <textcolor>grey2</textcolor>
                            </control>
                            <control type="textbox">
                                <top>95</top>
                                <width>1330</width>
                                <height>108</height>
                                <label>$VAR[BigListPlotVar]</label>
                                <autoscroll>false</autoscroll>
                                <font>font14_textbox</font>
                                <textcolor>grey</textcolor>
                            </control>
                        </control>
                    </itemlayout>
                    <focusedlayout width="1808" height="217">
                        <control type="image">
                            <left>0</left>
                            <top>0</top>
                            <width>1810</width>
                            <height>217</height>
                            <texture border="5">separator2.png</texture>
                        </control>
                        <control type="image">
                            <left>0</left>
                            <top>0</top>
                            <width>1810</width>
                            <height>217</height>
                            <texture>listselect_fo.png</texture>
                            <visible>Control.HasFocus(510)</visible>
							<include>VisibleFadeEffect</include>
                        </control>
                        <include>BigList_Landscape</include>
                        <control type="group">
                            <left>375</left>
                            <top>10</top>
                            <control type="group">
                                <control type="label">
                                    <width>1330</width>
                                    <height>50</height>
                                    <label>$INFO[ListItem.Label]</label>
                                    <font>font16_title_bold</font>
                                </control>
                                <control type="label">
                                    <top>45</top>
                                    <width>980</width>
                                    <height>50</height>
                                    <label>$VAR[BigListInfoVar]</label>
                                    <aligny>center</aligny>
                                    <font>font14</font>
                                    <textcolor>grey</textcolor>
                                </control>
                                <control type="label">
                                    <top>45</top>
                                    <width>1330</width>
                                    <height>50</height>
                                    <label>$VAR[BigListInfoVar2]</label>
                                    <align>right</align>
                                    <aligny>center</aligny>
                                    <font>font14</font>
                                    <textcolor>grey</textcolor>
                                </control>
                                <control type="textbox">
                                    <top>95</top>
                                    <width>1330</width>
                                    <height>108</height>
                                    <label>$VAR[BigListPlotVar]</label>
                                    <font>font14_textbox</font>
                                    <autoscroll time="3500" delay="4000" repeat="5000">Skin.HasSetting(Enable.AutoScroll)</autoscroll>
                                </control>
                            </control>
                        </control>
                    </focusedlayout>
                </control>
                <control type="scrollbar" id="60">
                    <left>1757</left>
                    <top>151</top>
                    <width>12</width>
                    <height>680</height>
                    <onup>60</onup>
                    <ondown>60</ondown>
                    <onleft>510</onleft>
                    <onright>SetProperty(MediaMenu,True,home)</onright>
                    <onright>SetFocus(9050)</onright>
                    <texturesliderbackground>-</texturesliderbackground>
                    <texturesliderbar colordiffuse="55ffffff" border="1">scrollbar/texturesliderbar2.png</texturesliderbar>
                    <texturesliderbarfocus border="1">scrollbar/texturesliderbar2.png</texturesliderbarfocus>
                    <showonepage>false</showonepage>
                    <orientation>vertical</orientation>
                    <animation effect="fade" start="100" end="0" time="500" delay="500" condition="!Control.HasFocus(60) + !Container.Scrolling">Conditional</animation>
                </control>
            </control>
        </control>
	</include>
 
    <include name="Music_510_BigList">
        <control type="group">
            <visible>Control.IsVisible(510) + !Window.IsActive(addoninformation)</visible>
            <include>ViewAnimation</include>
            <control type="group">
                <left>40</left>
                <top>50</top>
                <control type="image">
                    <description>background image</description>
                    <left>-32</left>
                    <top>870</top>
                    <width>1888</width>
                    <height>770</height>
                    <texture border="40">panel_reflect.png</texture>
                </control>
                <control type="image">
                    <description>background image</description>
                    <left>-32</left>
                    <top>118</top>
                    <width>1888</width>
                    <height>770</height>
                    <texture border="40">listpanel_back.png</texture>
                </control>
                <control type="list" id="510">
                    <viewtype label="BigList">biglist</viewtype>
                    <left>0</left>
                    <top>151</top>
                    <width>1888</width>
                    <height>710</height>
                    <onleft>SetProperty(MediaMenu,True,home)</onleft>
                    <onleft>SetFocus(9050)</onleft>
                    <onright>60</onright>
                    <onup>510</onup>
                    <ondown>510</ondown>
                    <preloaditems>2</preloaditems>
                    <pagecontrol>60</pagecontrol>
                    <orientation>vertical</orientation>
                    <scrolltime tween="quadratic" easing="out">300</scrolltime>
                    <visible>[Container.Content(artists) | Container.Content(albums)]</visible>
                    <itemlayout width="1725" height="217">
                        <control type="image">
                            <left>0</left>
                            <top>0</top>
                            <width>1810</width>
                            <height>217</height>
                            <texture border="5">separator2.png</texture>
                        </control>
                        <control type="image">
                            <left>12</left>
                            <top>11</top>
                            <width>195</width>
                            <height>195</height>
                            <aspectratio>stretch</aspectratio>
                            <texture background="true">$INFO[ListItem.Icon]</texture>
                            <bordertexture border="2">thumbs/panel_border3.png</bordertexture>
                            <bordersize>2</bordersize>
                        </control>
                        <control type="group">
                            <left>225</left>
                            <top>10</top>
                            <control type="label">
                                <width>1330</width>
                                <height>50</height>
                                <label>$INFO[ListItem.Label]</label>
                                <font>font16_title_bold</font>
                                <textcolor>grey</textcolor>
                            </control>
                            <control type="label">
                                <top>45</top>
                                <width>980</width>
                                <height>50</height>
                                <label>$VAR[BigListInfoVar]</label>
                                <aligny>center</aligny>
                                <font>font14</font>
                                <textcolor>grey2</textcolor>
                            </control>
                            <control type="label">
                                <top>45</top>
                                <width>1480</width>
                                <height>50</height>
                                <label>$VAR[BigListInfoVar2]</label>
                                <align>right</align>
                                <aligny>center</aligny>
                                <font>font14</font>
                                <textcolor>grey2</textcolor>
                            </control>
                            <control type="textbox">
                                <top>95</top>
                                <width>1480</width>
                                <height>108</height>
                                <label>$VAR[OtherPlotVar]</label>
                                <autoscroll>false</autoscroll>
                                <font>font14_textbox</font>
                                <textcolor>grey</textcolor>
                            </control>
                            <control type="image">
                                <left>1290</left>
                                <top>10</top>
                                <width>192</width>
                                <height>33</height>
                                <texture colordiffuse="themecolor_transparent" fallback="rating0.png">$INFO[ListItem.StarRating]</texture>
                                <aspectratio align="right">keep</aspectratio>
                                <visible>Container.Content(albums)</visible>
                            </control>
                        </control>
                    </itemlayout>
                    <focusedlayout width="1725" height="217">
                        <control type="image">
                            <left>0</left>
                            <top>0</top>
                            <width>1810</width>
                            <height>217</height>
                            <texture border="5">separator2.png</texture>
                        </control>
                        <control type="image">
                            <left>0</left>
                            <top>0</top>
                            <width>1810</width>
                            <height>217</height>
                            <texture>listselect_fo.png</texture>
                            <visible>Control.HasFocus(510)</visible>
                            <include>VisibleFadeEffect</include>
                        </control>
                        <control type="image">
                            <left>12</left>
                            <top>11</top>
                            <width>195</width>
                            <height>195</height>
                            <aspectratio>stretch</aspectratio>
                            <texture background="true">$INFO[ListItem.Icon]</texture>
                            <bordertexture border="2">thumbs/panel_border3.png</bordertexture>
                            <bordersize>2</bordersize>
                        </control>
                        <control type="group">
                            <left>225</left>
                            <top>10</top>
                            <control type="group">
                                <control type="label">
                                    <width>1330</width>
                                    <height>50</height>
                                    <label>$INFO[ListItem.Label]</label>
                                    <font>font16_title_bold</font>
                                </control>
                                <control type="label">
                                    <top>45</top>
                                    <width>980</width>
                                    <height>50</height>
                                    <label>$VAR[BigListInfoVar]</label>
                                    <aligny>center</aligny>
                                    <font>font14</font>
                                    <textcolor>grey</textcolor>
                                </control>
                                <control type="label">
                                    <top>45</top>
                                    <width>1480</width>
                                    <height>50</height>
                                    <label>$VAR[BigListInfoVar2]</label>
                                    <align>right</align>
                                    <aligny>center</aligny>
                                    <font>font14</font>
                                    <textcolor>grey</textcolor>
                                </control>
                                <control type="textbox">
                                    <top>95</top>
                                    <width>1480</width>
                                    <height>108</height>
                                    <label>$VAR[OtherPlotVar]</label>
                                    <font>font14_textbox</font>
                                    <autoscroll time="3500" delay="4000" repeat="5000">Skin.HasSetting(Enable.AutoScroll)</autoscroll>
                                </control>
                                <control type="image">
                                    <left>1290</left>
                                    <top>10</top>
                                    <width>192</width>
                                    <height>33</height>
                                    <texture colordiffuse="themecolor" fallback="rating0.png">$INFO[ListItem.StarRating]</texture>
                                    <aspectratio align="right">keep</aspectratio>
                                    <visible>Container.Content(albums)</visible>
                                </control>
                            </control>
                        </control>
                    </focusedlayout>
                </control>
                <control type="scrollbar" id="60">
                    <left>1725</left>
                    <top>151</top>
                    <width>12</width>
                    <height>700</height>
                    <onup>60</onup>
                    <ondown>60</ondown>
                    <onleft>510</onleft>
                    <onright>SetProperty(MediaMenu,True,home)</onright>
                    <onright>SetFocus(9050)</onright>
                    <texturesliderbackground>-</texturesliderbackground>
                    <texturesliderbar colordiffuse="55ffffff" border="1">scrollbar/texturesliderbar2.png</texturesliderbar>
                    <texturesliderbarfocus border="1">scrollbar/texturesliderbar2.png</texturesliderbarfocus>
                    <showonepage>false</showonepage>
                    <orientation>vertical</orientation>
                    <animation effect="fade" start="100" end="0" time="500" delay="500" condition="!Control.HasFocus(60) + !Container.Scrolling">Conditional</animation>
                </control>
            </control>
        </control>
    </include>
   
	<include name="BigList_Landscape">
		<control type="group">
			<left>12</left>
			<top>11</top>
            <control type="group">
                <visible>!Container.Content(episodes)</visible>
                <control type="image">
                    <width>346</width>
                    <height>195</height>
                    <texture background="true">$INFO[ListItem.Art(landscape)]</texture>
                    <aspectratio>scale</aspectratio>
                    <bordertexture border="2">thumbs/panel_border3.png</bordertexture>
					<bordersize>2</bordersize>
                    <visible>!IsEmpty(ListItem.Art(landscape))</visible>
                </control>
                <control type="image">
                    <width>346</width>
                    <height>195</height>
                    <texture background="true">$INFO[ListItem.Art(fanart)]</texture>
                    <aspectratio>scale</aspectratio>
                    <bordertexture border="2">thumbs/panel_border3.png</bordertexture>
					<bordersize>2</bordersize>
                    <visible>IsEmpty(ListItem.Art(landscape))</visible>
                </control>
                <control type="image">
                    <top>90</top>
                    <width>346</width>
                    <height>98</height>
                    <aspectratio align="center" aligny="bottom">keep</aspectratio>
                    <texture background="true">$INFO[ListItem.Art(clearlogo)]</texture>
                    <visible>IsEmpty(ListItem.Art(landscape)) + !IsEmpty(ListItem.Art(clearlogo))</visible>
                </control>
            </control>
            <control type="image">
				<width>346</width>
				<height>195</height>
				<texture background="true">$INFO[ListItem.thumb]</texture>
				<aspectratio>scale</aspectratio>
                <bordertexture border="2">thumbs/panel_border3.png</bordertexture>
                <bordersize>2</bordersize>
				<visible>Container.Content(episodes)</visible>
			</control>
            <control type="image">
				<left>286</left>
                <top>2</top>
				<width>60</width>
				<height>60</height>
				<texture>$VAR[OverlayVar]</texture>
				<aspectratio align="right" aligny="top">keep</aspectratio>
			</control>
		</control>
	</include>

</includes>