<?xml version="1.0" encoding="UTF-8"?>
<includes>
	<include file="defaults.xml" />
	<include file="Includes_CommonValues.xml" />
	<include file="Includes_Animations.xml" />
	<include file="Includes_Home.xml" />
	<include file="Includes_LiveBG.xml" />
	<include file="IncludesHomeRecentlyAdded.xml" />
	<include file="IncludesBackgroundBuilding.xml" />
	<include file="View_50_List.xml" />
	<include file="View_51_InfoWall.xml" />
	<include file="View_52_Landscape.xml" />
	<include file="View_53_ShowCase.xml" />
	<include file="View_54_ShowCase.xml" />
	<include file="View_55_TriPanel.xml" />
	<include file="View_56_Posters.xml" />
	<include file="View_57_Shift.xml" />
	<include file="View_58_BannerWall.xml" />
	<include file="View_59_Logo.xml" />
	<include file="View_500_Wall.xml" />
	<include file="View_501_LowList.xml" />
	<include file="View_502_Episode.xml" />
	<include file="View_503_Wall.xml" />
	<include file="View_510_BigList.xml" />
	<include file="View_513_Flix.xml" />
	<include file="variables.xml" />
	<include file="script-skinshortcuts-includes.xml" />
    
    <!-- osd133 -->
    <include name="osd133left">
        <left>720</left>
    </include>
    <include name="osd133width">
        <width>1440</width>
    </include>
    
    <include name="osd169left">
        <left>0</left>
    </include>
    <include name="osd169width">
        <width>1920</width>
    </include>
    
	<constant name="FanartCrossfadeTime">500</constant>
	<constant name="IconCrossfadeTime">400</constant>
	<variable name="BannerThumb">
		<value condition="!IsEmpty(ListItem.Art(banner))">$INFO[ListItem.Art(banner)]</value>
		<value>$INFO[ListItem.Icon]</value>
	</variable>
	<variable name="PosterThumb">
		<value condition="!IsEmpty(ListItem.Art(poster))">$INFO[ListItem.Art(poster)]</value>
		<value>$INFO[ListItem.Icon]</value>
	</variable>
	<variable name="PlayList">
		<value condition="Player.HasVideo">ActivateWindow(videoplaylist)</value>
		<value condition="Player.HasAudio">ActivateWindow(musicplaylist)</value>
	</variable>
	<!-- Media Menu -->
	<include name="SideBladeLeft">
		<animation effect="slide" start="440,0" end="0,0" time="400" tween="quadratic" easing="out" condition="IsEmpty(Window(home).Property(MediaMenu))">Conditional</animation>
		<animation effect="slide" start="0,0" end="-440,0" time="400" tween="quadratic" easing="out">WindowClose</animation>
		<animation effect="slide" start="0,0" end="0,-10" time="700" condition="Skin.HasSetting(scopeFormat235)">Conditional</animation>
		<control type="image">
			<left>0</left>
			<top>130</top>
			<width>432</width>
			<height>830</height>
			<texture border="40">mediamenu_back.png</texture>
		</control>
		<control type="button" id="8999">
			<description>Close Window button</description>
			<left>350</left>
			<top>140</top>
			<width>64</width>
			<height>48</height>
			<label></label>
			<font>CloseButton</font>
			<textcolor>grey</textcolor>
			<focusedcolor>themecolor</focusedcolor>
			<onclick>ClearProperty(MediaMenu,Home)</onclick>
			<onclick>SetFocus(50)</onclick>
			<texturefocus>-</texturefocus>
			<texturenofocus>-</texturenofocus>
			<onleft>2</onleft>
			<onright>13</onright>
			<onup>13</onup>
			<ondown>2</ondown>
			<align>center</align>
			<aligny>center</aligny>
			<visible>system.getbool(input.enablemouse)</visible>
		</control>
		<control type="image">
			<description>LOGO</description>
			<left>0</left>
			<top>140</top>
			<width>400</width>
			<height>120</height>
			<aspectratio>keep</aspectratio>
			<texture>aeon-nox-logo.png</texture>
		</control>
	</include>
	<include name="KioskModeButton">
		<control type="button">
			<description>Kiosk Mode button</description>
			<include>ButtonCommonValues</include>
			<label>-</label>
			<onfocus>ClearProperty(MediaMenu,Home)</onfocus>
			<onfocus>SetFocus(50)</onfocus>
		</control>
	</include>
	<include name="MediaMenuTop">
		<left>0</left>
		<top>230</top>
		<width>400</width>
		<height>820</height>
		<onleft>9050</onleft>
		<onright>ClearProperty(MediaMenu,Home)</onright>
		<onright condition="!Window.IsVisible(tvguide)">50</onright>
		<onright condition="Window.IsVisible(tvguide)">10</onright>
		<onup>9050</onup>
		<ondown>9050</ondown>
		<onback>ClearProperty(MediaMenu,Home)</onback>
		<onback>50</onback>
		<itemgap>0</itemgap>
		<include condition="Skin.HasSetting(KioskMode.Enabled)">KioskModeButton</include>
		<control type="label" id="200">
			<width>400</width>
			<height>52</height>
			<textoffsetx>15</textoffsetx>
			<font>font13_title</font>
			<label>31006</label>
			<textcolor>themecolor</textcolor>
			<aligny>center</aligny>
		</control>
		<control type="button" id="2">
			<description>View As button</description>
			<textwidth>352</textwidth>
			<include>ButtonCommonValues</include>
			<label>-</label>
		</control>
		<control type="button" id="3">
			<description>Sort by button</description>
			<include>ButtonCommonValues</include>
			<label>103</label>
		</control>
		<control type="togglebutton" id="4">
			<description>Sort asc</description>
			<include>ButtonCommonValues</include>
			<label>31051</label>
			<altlabel>31050</altlabel>
			<usealttexture>Container.SortDirection(Ascending)</usealttexture>
		</control>
	</include>
	<include name="PVRMediaMenu">
		<control type="group">
			<left>-440</left>
			<include>SideBladeLeft</include>
			<control type="grouplist" id="9050">
				<include>MediaMenuTop</include>
				<control type="button" id="203">
					<description>View options</description>
					<textwidth>352</textwidth>
					<font>font13_title</font>
					<include>ButtonCommonValues</include>
					<label>31039</label>
					<enable>no</enable>
					<disabledcolor>themecolor</disabledcolor>
				</control>
				<control type="button" id="100">
					<description>Channels</description>
					<label>19019</label>
					<textwidth>352</textwidth>
					<include>ButtonCommonValues</include>
					<onclick condition="IsEmpty(Window.Property(IsRadio))">ActivateWindow(TVChannels)</onclick>
					<onclick condition="!IsEmpty(Window.Property(IsRadio))">ActivateWindow(RadioChannels)</onclick>
				</control>
				<control type="button" id="101">
					<description>Guide</description>
					<label>22020</label>
					<textwidth>352</textwidth>
					<include>ButtonCommonValues</include>
					<onclick condition="IsEmpty(Window.Property(IsRadio))">ActivateWindow(TVGuide)</onclick>
					<onclick condition="!IsEmpty(Window.Property(IsRadio))">ActivateWindow(RadioGuide)</onclick>
				</control>
				<control type="button" id="102">
					<description>Recordings</description>
					<label>19163</label>
					<textwidth>352</textwidth>
					<include>ButtonCommonValues</include>
					<onclick condition="IsEmpty(Window.Property(IsRadio))">ActivateWindow(TVRecordings)</onclick>
					<onclick condition="!IsEmpty(Window.Property(IsRadio))">ActivateWindow(RadioRecordings)</onclick>
				</control>
				<control type="button" id="103">
					<description>Timers</description>
					<label>19040</label>
					<textwidth>352</textwidth>
					<include>ButtonCommonValues</include>
					<onclick condition="IsEmpty(Window.Property(IsRadio))">ActivateWindow(TVTimers)</onclick>
					<onclick condition="!IsEmpty(Window.Property(IsRadio))">ActivateWindow(RadioTimers)</onclick>
				</control>
				<control type="button" id="104">
					<description>Search</description>
					<label>137</label>
					<textwidth>352</textwidth>
					<include>ButtonCommonValues</include>
					<onclick condition="IsEmpty(Window.Property(IsRadio))">ActivateWindow(TVSearch)</onclick>
					<onclick condition="!IsEmpty(Window.Property(IsRadio))">ActivateWindow(RadioSearch)</onclick>
				</control>
				<control type="button" id="201">
					<description>View options</description>
					<textwidth>352</textwidth>
					<font>font13_title</font>
					<include>ButtonCommonValues</include>
					<label>31026</label>
					<enable>no</enable>
					<disabledcolor>themecolor</disabledcolor>
				</control>
				<control type="button" id="28">
					<description>Channel Groups</description>
					<textwidth>255</textwidth>
					<include>ButtonCommonValues</include>
					<label>-</label>
				</control>
			</control>
		</control>
	</include>
	<!-- Scroll Label -->
	<include name="ScrollOffsetLabel">
		<control type="group">
			<visible>Container.Scrolling + [StringCompare(Container.SortMethod,$LOCALIZE[551]) | StringCompare(Container.SortMethod,$LOCALIZE[561]) | StringCompare(Container.SortMethod,$LOCALIZE[558]) | StringCompare(Container.SortMethod,$LOCALIZE[557]) | StringCompare(Container.SortMethod,$LOCALIZE[556])]</visible>
			<include>dialogeffect</include>
			<left>1770</left>
			<top>36</top>
			<control type="image">
				<left>0</left>
				<top>140</top>
				<width>160</width>
				<height>160</height>
				<texture border="35">listpanel_back.png</texture>
			</control>
			<control type="label">
				<left>-5</left>
				<top>145</top>
				<width>160</width>
				<height>120</height>
				<align>center</align>
				<aligny>center</aligny>
				<label>$INFO[ListItem.SortLetter]</label>
				<textcolor>white</textcolor>
				<font>font_MainMenu</font>
			</control>
		</control>
	</include>

	<!-- Navigation Bar -->
	<include name="Topbar">
		<control type="group">
			<animation effect="slide" start="0,0" end="0,-10" time="700" condition="Skin.HasSetting(scopeFormat235)">Conditional</animation>
			<!--animation effect="slide" start="0,130" end="0,130" time="9000" tween="cubic" condition="Control.IsVisible(503) + System.IdleTime(2)">Conditional</animation>
			<animation effect="slide" start="0,-90" end="0,0" delay="900" time="2280" condition="Window.Previous(home)">WindowOpen</animation>
			<animation effect="slide" end="0,-90" start="0,0" time="680" condition="Window.Next(home)">WindowClose</animation-->
			<control type="image">
				<left>0</left>
				<top>140</top>
				<width>1920</width>
				<height>66</height>
				<texture border="1">topbar.png</texture>
			</control>
			<control type="label">
				<top>143</top>
				<width>900</width>
				<height>90</height>
				<font>font13_title</font>
				<textoffsetx>15</textoffsetx>
				<textcolor>grey2</textcolor>
				<align>left</align>
				<aligny>top</aligny>
				<textoffsety>-2</textoffsety>
				<label>$VAR[BreadcrumbsVar]</label>
			</control>
			<control type="label">
				<visible>!Window.IsActive(script-globalsearch-main.xml)</visible>
				<top>143</top>
				<left>1020</left>
				<width>900</width>
				<height>90</height>
				<font>font13_title</font>
				<textoffsetx>15</textoffsetx>
				<textcolor>grey2</textcolor>
				<align>right</align>
				<aligny>top</aligny>
				<textoffsety>-2</textoffsety>
				<label>$INFO[Container.NumItems,, $LOCALIZE[31025]]$INFO[Container.CurrentPage,[COLOR grey3] | ,]$INFO[Container.NumPages,/,[/COLOR]]</label>
			</control>
			<control type="label">
				<top>143</top>
				<left>0</left>
				<width>1920</width>
				<height>90</height>
				<font>font13_title</font>
				<textoffsetx>15</textoffsetx>
				<textcolor>grey2</textcolor>
				<align>center</align>
				<aligny>top</aligny>
				<textoffsety>-2</textoffsety>
				<label>$INFO[System.Time]</label>
			</control>
			<control type="button" id="90022">
				<label>-</label>
				<left>-30</left>
				<onclick condition="IsEmpty(Window(home).Property(MediaMenu))">SetProperty(MediaMenu,True,home)</onclick>
				<onclick condition="!IsEmpty(Window(home).Property(MediaMenu))">ClearProperty(MediaMenu,Home)</onclick>
				<texturenofocus>mediamenu_indicator.png</texturenofocus>
				<texturefocus>mediamenu_indicator.png</texturefocus>
				<height>32</height>
				<include>ButtonTopbarCommonvalues</include>
				<visible>!IsEmpty(Window(home).Property(Window.HasSettings))</visible>
			</control>
			<control type="group">
				<visible>Player.HasMedia + ![Window.IsActive(volumebar)]</visible>
				<animation effect="slide" start="0,-60" end="0,0" time="200">Visible</animation>
				<animation effect="slide" start="0,0" end="0,-60" time="200">Hidden</animation>
				<left>1080</left>
				<control type="progress">
					<left>0</left>
					<top>140</top>
					<width>500</width>
					<height>37</height>
					<texturebg border="2">osd/texturebg.png</texturebg>
					<lefttexture>-</lefttexture>
					<midtexture border="2">osd/midtexture_cache.png</midtexture>
					<righttexture>-</righttexture>
					<overlaytexture>-</overlaytexture>
					<info>Player.ProgressCache</info>
				</control>
				<control type="progress">
					<left>0</left>
					<top>140</top>
					<width>500</width>
					<height>35</height>
					<texturebg border="1">osd/texturebg_cache.png</texturebg>
					<lefttexture>-</lefttexture>
					<midtexture border="2">osd/midtexture.png</midtexture>
					<righttexture>-</righttexture>
					<overlaytexture>-</overlaytexture>
					<info>Player.Progress</info>
				</control>
				<control type="label">
					<left>0</left>
					<top>140</top>
					<width>500</width>
					<height>90</height>
					<font>font13_title</font>
					<textoffsetx>10</textoffsetx>
					<textcolor>grey</textcolor>
					<shadowcolor>shadow</shadowcolor>
					<align>left</align>
					<aligny>top</aligny>
					<textoffsety>-2</textoffsety>
					<scroll>true</scroll>
					<label>$INFO[Player.Title]</label>
				</control>
			</control>
		</control>
	</include>
	<!-- Context menu -->
	<include name="AdvancedLauncherTrailerButton">
		<control type="button" id="994">
			<label>$LOCALIZE[20410]</label>
			<width>450</width>
			<height>60</height>
			<font>font14</font>
			<align>left</align>
			<textoffsetx>15</textoffsetx>
			<textcolor>grey2</textcolor>
			<focusedcolor>white</focusedcolor>
			<texturefocus border="5">button_middle_focus.png</texturefocus>
			<texturenofocus border="5">button_middle3.png</texturenofocus>
			<onclick>PlayMedia($ESCINFO[ListItem.Trailer])</onclick>
			<visible>!IsEmpty(ListItem.Trailer)</visible>
		</control>
	</include>
	<!--<include name="TrailerButton">
		<control type="button" id="995">
			<label>$LOCALIZE[20410]</label>
			<width>450</width>
			<height>60</height>
			<font>font14</font>
			<align>left</align>
			<textoffsetx>15</textoffsetx>
			<textcolor>grey2</textcolor>
			<focusedcolor>white</focusedcolor>
			<texturefocus border="5">button_middle_focus.png</texturefocus>
			<texturenofocus border="5">button_middle3.png</texturenofocus>
			<onclick condition="!IsEmpty(ListItem.Trailer)">PlayMedia($ESCINFO[ListItem.Trailer])</onclick>
			<onclick condition="IsEmpty(ListItem.Trailer)">ActivateWindow(videos,$ESCINFO[ListItem.Label,plugin://plugin.video.youtube/?path=/root/search&amp;feed=search&amp;search=, Trailer],return)</onclick>
			<visible>Container.Content(movies)</visible>
		</control>
	</include>-->
	<!-- System windows -->
	<include name="SystemLeftPanel">
		<control type="image">
			<left>50</left>
			<top>53</top>
			<width>420</width>
			<height>757</height>
			<texture border="40">panel_reflect.png</texture>
		</control>
		<control type="image">
			<left>50</left>
			<top>50</top>
			<width>420</width>
			<height>757</height>
			<texture border="40">listpanel_back.png</texture>
		</control>
	</include>
	<include name="SystemRightPanel">
		<control type="image">
			<left>490</left>
			<top>53</top>
			<width>1380</width>
			<height>757</height>
			<texture border="40">panel_reflect.png</texture>
		</control>
		<control type="image">
			<left>490</left>
			<top>50</top>
			<width>1380</width>
			<height>757</height>
			<texture border="40">listpanel_back.png</texture>
		</control>
	</include>
	
	<!-- Mods for GlobalSearch script -->
	<!-- tmod -->
	<include name="SystemLeftPanel2">
		<control type="image">
			<left>50</left>
			<top>53</top>
			<width>420</width>
			<height>817</height>
			<texture border="40">panel_reflect.png</texture>
		</control>
		<control type="image">
			<left>50</left>
			<top>50</top>
			<width>420</width>
			<height>817</height>
			<texture border="40">listpanel_back.png</texture>
		</control>
	</include>
	
	<!-- tmod -->
	<include name="SystemRightPanel2">
		<control type="image">
			<left>490</left>
			<top>53</top>
			<width>1380</width>
			<height>817</height>
			<texture border="40">panel_reflect.png</texture>
		</control>
		<control type="image">
			<left>490</left>
			<top>50</top>
			<width>1380</width>
			<height>817</height>
			<texture border="40">listpanel_back.png</texture>
		</control>
	</include>
	
	<!-- Original height 658 -->
	<include name="GS_List_height">
	<height>600</height>
	</include>

	<!-- original 670 top of right panel movie title -->
	<include name="GS_Info_top">
	<top>608</top>
	</include>
	
	<!-- original 720 GS Plot Top -->
	<include name="GS_Plot_top">
	<top>640</top>
	</include>		
	
	
	<!-- Extras -->
	<include name="LoadTvTunes">
		<onload condition="System.HasAddon(script.tvtunes) + !SubString(Window(10025).Property(CinemaExperienceRunning),True)">RunScript(script.tvtunes,backend=True)</onload>
	</include>
	<include name="PlayListStatsList">
		<control type="list" id="43260">
			<visible>StringCompare(Container(9000).ListItem.Property(InfoLine),9) | StringCompare(Container(9000).ListItem.Property(InfoLine),10) | StringCompare(Container(9000).ListItem.Property(InfoLine),11)</visible>
			<posx>0</posx>
			<posy>0</posy>
			<width>1</width>
			<height>1</height>
			<focusedlayout/>
			<itemlayout/>
			<content>plugin://service.library.data.provider?type=playliststats&amp;id=$INFO[Container(9000).ListItem.Property(Path)]</content>
		</control>
	</include>
	<include name="HomeSearchButton">
		<control type="button" id="9027">
			<label></label>
			<textoffsetx>0</textoffsetx>
			<width>50</width>
			<height>41</height>
			<align>center</align>
			<font>IconTiny</font>
			<textcolor>grey</textcolor>
			<shadowcolor>shadow</shadowcolor>
			<onclick>RunAddon(script.globalsearch)</onclick>
			<animation type="Visible">
				<effect type="fade" start="0" end="100" tween="sine" easing="inout" time="300" />
				<effect type="zoom" start="50" end="100" center="auto" tween="sine" easing="inout" time="300" />
			</animation>
			<animation type="Hidden">
				<effect type="fade" start="100" end="0" tween="sine" easing="inout" time="300" />
				<effect type="zoom" start="100" end="50" center="auto" tween="sine" easing="inout" time="300" />
			</animation>
		</control>
	</include>
</includes>
